{"loss": [38.5027961730957, 6.409430027008057, 1.970636010169983, 1.0189101696014404, 0.9559948444366455, 0.8263598084449768, 1.084966778755188, 3.2760181427001953, 1.1728938817977905, 1.4689664840698242, 1.6138502359390259, 0.38362646102905273, 0.7929485440254211, 0.2514016330242157, 0.6917182207107544, 1.284458875656128, 0.7875643968582153, 0.7482817769050598, 0.20842108130455017, 1.3172085285186768], "accuracy": [0.686121940612793, 0.9286640882492065, 0.966277539730072, 0.9844357967376709, 0.9831387996673584, 0.9818417429924011, 0.9844357967376709, 0.9675745964050293, 0.9831387996673584, 0.9753566980361938, 0.9818417429924011, 0.9922178983688354, 0.9883268475532532, 0.9948119521141052, 0.9922178983688354, 0.9805447459220886, 0.9896238446235657, 0.9896238446235657, 0.9961089491844177, 0.990920901298523], "val_loss": [11.414772033691406, 10.563692092895508, 4.759930610656738, 1.3384144306182861, 1.3588495254516602, 1.48356032371521, 1.6224650144577026, 2.2548012733459473, 1.601337194442749, 1.720743179321289, 0.7536461353302002, 4.57975959777832, 2.3512187004089355, 0.07204799354076385, 2.8821499347686768, 2.393742322921753, 4.0009613037109375, 1.9296258687973022, 3.1503560543060303, 2.8654510974884033], "val_accuracy": [0.8497409224510193, 0.8860103487968445, 0.9481865167617798, 0.9637305736541748, 0.9689119458198547, 0.984455943107605, 0.9585492014884949, 0.9430052042007446, 0.9792746305465698, 0.9689119458198547, 0.984455943107605, 0.9585492014884949, 0.9896373152732849, 0.9948186278343201, 0.9637305736541748, 0.984455943107605, 0.9689119458198547, 0.9896373152732849, 0.9948186278343201, 0.9689119458198547]}