{"loss": [4.18153190612793, 0.28014373779296875, 0.12189067155122757, 0.09738441556692123, 0.07427552342414856, 0.06593305617570877, 0.10941663384437561, 0.14409449696540833, 0.07015784084796906, 0.03192977234721184, 0.13232922554016113, 0.1526029407978058, 0.0712314248085022, 0.05750095471739769, 0.0440683476626873, 0.10030748695135117, 0.0033839670941233635, 0.04907941818237305, 0.040270764380693436, 0.08764780312776566], "accuracy": [0.6705577373504639, 0.9623864889144897, 0.9857327938079834, 0.9883268475532532, 0.9844357967376709, 0.9883268475532532, 0.9805447459220886, 0.9831387996673584, 0.9870298504829407, 0.990920901298523, 0.9844357967376709, 0.9831387996673584, 0.9870298504829407, 0.993514895439148, 0.9896238446235657, 0.9883268475532532, 0.9987030029296875, 0.990920901298523, 0.993514895439148, 0.990920901298523], "val_loss": [0.7664572596549988, 0.16343486309051514, 0.2298673391342163, 0.2584857940673828, 0.29506030678749084, 0.6054023504257202, 0.20047657191753387, 0.1719929575920105, 0.19384706020355225, 0.036907460540533066, 0.10181847214698792, 0.07622624188661575, 0.06597527861595154, 0.24488575756549835, 0.0742339938879013, 4.406550488056382e-06, 0.07547824829816818, 0.05028913915157318, 0.311855673789978, 0.031373247504234314], "val_accuracy": [0.8808290362358093, 0.9533678889274597, 0.9637305736541748, 0.9585492014884949, 0.9585492014884949, 0.9067357778549194, 0.9689119458198547, 0.9637305736541748, 0.9689119458198547, 0.9896373152732849, 0.984455943107605, 0.984455943107605, 0.9792746305465698, 0.9740932583808899, 0.984455943107605, 1.0, 0.9896373152732849, 0.9896373152732849, 0.9637305736541748, 0.9948186278343201]}